Criterion,x[m],y[m],N[kN/m],M[kNm/m],w_k[mm]
max Ny,22.115,7.603,711.1,-197.8,0.380247700783853
min My,22.115,7.603,707.2,-198.6,0.380122188346953
max My,22.115,7.603,-459.6,66.1,0.00255324050766829
max Ny,22.25,7.603,413.4,-299.1,0.429457484438553
min My,22.25,7.603,408,-302.2,0.432137439214522
max My,22.25,7.603,-432.1,87.8,0.0134174317276819
max Ny,22.25,7.747,401.3,-261.2,0.373611977572572
min My,22.25,7.747,397.3,-262.8,0.374645662835818
max My,22.25,7.747,-443.1,80.9,0.00909236008121159
max Ny,22.115,7.747,692.6,-190.9,0.364905851035598
min My,22.115,7.747,690.1,-191.4,0.364810361698549
max My,22.115,7.747,-497,69,0.00206753049198065
max Ny,22.115,8.159,533.3,-86.5,0.177915944998069
min My,22.115,8.159,532,-86.7,0.177757785986583
max My,22.115,8.159,-522.5,56.7,0
max Ny,22.25,8.159,427.5,-93.2,0.159638363168645
min My,22.25,8.159,425.7,-93.6,0.159554680807324
max My,22.25,8.159,-441.8,65.6,0.00308087285039348
max Ny,22.25,9.141,41.9,-2.3,0
min My,22.25,9.141,39.9,-2.9,0
max My,22.25,9.141,-339.4,43.2,0.00047771795801555
max Ny,22.115,9.141,11,-7.9,0.00847625657598447
min My,22.115,9.141,-11,-13.3,0.00901643050518952
max My,22.115,9.141,-380.8,41.7,0
max Ny,22.115,9.627,-64.7,5.5,0
min My,22.115,9.627,-95.8,2.5,0
max My,22.115,9.627,-371.5,31.9,0
max Ny,22.25,9.627,-52.6,3.7,0
min My,22.25,9.627,-90.4,-1.6,0
max My,22.25,9.627,-264.4,29.9,0
max Ny,22.25,9.973,-41.9,10.9,0.00277161362325132
min My,22.25,9.973,-46.3,10.3,0.00194958258023449
max My,22.25,9.973,-226.5,42.4,0.00515180040225427
max Ny,22.115,9.973,-57.2,8.2,0.00031003670080999
min My,22.115,9.973,-60.7,7.8,0.000101164668006097
max My,22.115,9.973,-290.9,30.4,0
max Ny,22.115,10.185,-23.9,4.1,0.00037184286615936
min My,22.115,10.185,-31.1,3.2,0
max My,22.115,10.185,-144.9,17.7,5.70525546540003E-05
max Ny,22.25,10.185,6.1,3.9,0.00431113674172668
min My,22.25,10.185,-48.6,1.7,0
max My,22.25,10.185,-64.3,22.2,0.00816684523368165
max Ny,22.25,10.415,51.8,0.5,0
min My,22.25,10.415,3.5,-6.6,0.00603036844854252
max My,22.25,10.415,24.5,4.1,0.00825876663452618
max Ny,22.115,10.415,-27.7,1,0
min My,22.115,10.415,-36.6,0.3,0
max My,22.115,10.415,-117.5,9.2,0
max Ny,22.115,10.585,6.1,-3.2,0.00374667801541056
min My,22.115,10.585,0,-4.1,0.00353544682708009
max My,22.115,10.585,-45.5,3.2,0
max Ny,22.25,10.585,-47.1,-8.2,0.000784648994718016
min My,22.25,10.585,-105.3,-17.3,0.00132518688997526
max My,22.25,10.585,-130.5,-3.9,0
max Ny,22.25,10.815,-34.6,-23.6,0.0135638229619693
min My,22.25,10.815,-81.3,-47,0.0250935049824549
max My,22.25,10.815,-110,-15.4,0.000492275331579074
max Ny,22.115,10.815,20.8,-13.5,0.0148633222934274
min My,22.115,10.815,16.8,-15.9,0.0160611720380014
max My,22.115,10.815,-18.5,-5.5,0.00170059719303777
max Ny,22.554,7.603,308.6,-252.4,0.334427932834407
min My,22.554,7.603,306,-254.2,0.336165456650416
max My,22.554,7.603,-336.8,93,0.0259477249962396
max Ny,23.246,7.603,131.5,-194.4,0.204370545102888
min My,23.246,7.603,127.7,-206.2,0.219639252388743
max My,23.246,7.603,-139.4,113.6,0.0695979697540626
max Ny,23.246,7.747,154.9,-170.6,0.177738887324946
min My,23.246,7.747,151.2,-179.7,0.189373433210329
max My,23.246,7.747,-138.7,105,0.0627552631440657
max Ny,22.554,7.747,327.3,-202.2,0.270232915078139
min My,22.554,7.747,325.5,-203.2,0.271103916428397
max My,22.554,7.747,-340.4,83.2,0.0189926694084735
max Ny,22.554,8.159,285.1,-115.7,0.148028887011356
min My,22.554,8.159,283.7,-116.1,0.148071577264343
max My,22.554,8.159,-333.6,70.7,0.0119886276234193
max Ny,23.246,8.159,147,-131.4,0.134249101420092
min My,23.246,8.159,145.9,-132.5,0.134939308056547
max My,23.246,8.159,-137.9,81.5,0.0439843231638366
max Ny,23.246,9.141,196.8,73,0.0967396724997507
min My,23.246,9.141,-47.8,25.9,0.0133728723729836
max My,23.246,9.141,145.7,95.4,0.104790193907359
max Ny,22.554,9.141,51.2,1.9,0
min My,22.554,9.141,43.5,0.1,0
max My,22.554,9.141,-250.5,46.9,0.00570126146754521
max Ny,22.554,9.627,12.1,14.5,0.0140523371675477
min My,22.554,9.627,-98.6,10.5,0
max My,22.554,9.627,-86,50.5,0.0271693557670705
max Ny,23.246,9.627,24.2,23.3,0.0234584716308929
min My,23.246,9.627,-81.3,5.9,0
max My,23.246,9.627,-41.4,61.5,0.04327115615612
max Ny,23.246,9.973,-70.3,-2.1,0
min My,23.246,9.973,-168.4,-25.8,0.00143498727438512
max My,23.246,9.973,-101,3.7,0
max Ny,22.554,9.973,7.8,14.8,0.0135138781707111
min My,22.554,9.973,-62.1,10.4,0.00086059289190486
max My,22.554,9.973,-77.3,51.1,0.0289962056862035
max Ny,22.554,10.185,-6.3,9.4,0.00661846775227536
min My,22.554,10.185,-59.2,8.2,0.000241235598891456
max My,22.554,10.185,-100.9,34.8,0.0127882979877925
max Ny,23.246,10.185,-77.5,20.4,0.00528724174634811
min My,23.246,10.185,-137.9,9.1,0
max My,23.246,10.185,-168.2,67.8,0.0287499913301997
max Ny,23.246,10.415,-87.3,22.7,0.00576770450936838
min My,23.246,10.415,-106.7,17.2,0.00121548448324677
max My,23.246,10.415,-197.6,72.6,0.028389752060274
max Ny,22.554,10.415,4.7,7.3,0.00682025923237028
min My,22.554,10.415,-34,6,0.000602113223410447
max My,22.554,10.415,-62.8,24.4,0.0100326306872947
max Ny,22.554,10.585,57.1,13.6,0.0221842602085142
min My,22.554,10.585,53.7,9.3,0.0183172421231588
max My,22.554,10.585,-18.4,28.3,0.0200210263375225
max Ny,23.246,10.585,-92.9,11.5,6.53487463699478E-05
min My,23.246,10.585,-111.6,5.7,0
max My,23.246,10.585,-213.2,51.7,0.011631701967501
max Ny,23.246,10.815,-118.7,26.5,0.00505443756075518
min My,23.246,10.815,-150.7,16,0
max My,23.246,10.815,-282.5,59.5,0.00994113118138565
max Ny,22.554,10.815,107.1,14.1,0.0337424372093507
min My,22.554,10.815,27.1,5,0.0094590556833687
max My,22.554,10.815,105.3,14.3,0.0334030414911732
max Ny,23.606,7.603,194,-179.4,0.200716469145364
min My,23.606,7.603,192.2,-183.6,0.206061102370533
max My,23.606,7.603,-43.5,123.1,0.09329297742288
max Ny,23.894,7.603,163.2,-179.7,0.192652616572173
min My,23.894,7.603,159.3,-193.3,0.210450206881456
max My,23.894,7.603,3.9,127.4,0.10505017284558
max Ny,23.894,7.747,136.7,-159.4,0.157234625723687
min My,23.894,7.747,133.4,-169.9,0.170941861744049
max My,23.894,7.747,-7.9,117.4,0.0947897572003911
max Ny,23.606,7.747,181.9,-158.5,0.168237374088075
min My,23.606,7.747,180.3,-162.2,0.172967963842332
max My,23.606,7.747,-42.8,114.6,0.0864561521111144
max Ny,23.606,8.159,134.7,-114.4,0.118132735498442
min My,23.606,8.159,132.5,-117.8,0.120487254936688
max My,23.606,8.159,-60,88.5,0.0621970665221408
max Ny,23.894,8.159,107.9,-93.4,0.0960607014154462
min My,23.894,8.159,105.7,-97.9,0.0993117869750981
max My,23.894,8.159,-21,94.7,0.0739175720940106
max Ny,23.894,9.141,52.7,-3.2,0
min My,23.894,9.141,35.4,-16,0.0196825001854004
max My,23.894,9.141,-8.3,43.9,0.034514512099195
max Ny,23.606,9.141,188.8,50,0.0771781601349415
min My,23.606,9.141,116.2,10.6,0
max My,23.606,9.141,42.4,79.9,0.0730092113628056
max Ny,23.606,9.627,71.6,-0.7,0
min My,23.606,9.627,-158.1,-27,0.00240807844801739
max My,23.606,9.627,-42.3,7.2,0.000634208591674547
max Ny,23.894,9.627,-6.1,4,0.00226209442859967
min My,23.894,9.627,-36.4,-26,0.0152137001847947
max My,23.894,9.627,-15.5,10.3,0.00585729527571283
max Ny,23.894,9.973,-17.1,-12.5,0.00737752930660033
min My,23.894,9.973,-39,-32.2,0.0198099426322757
max My,23.894,9.973,-84.1,14.6,0.00138288349007815
max Ny,23.606,9.973,-71.5,-29.9,0.0130541956736857
min My,23.606,9.973,-164.4,-56.3,0.02053741233547
max My,23.606,9.973,-137.9,-25.1,0.00279318723216444
max Ny,23.606,10.185,-41.4,21.7,0.0110011261725634
min My,23.606,10.185,-137.9,3.8,0
max My,23.606,10.185,-87.1,38.9,0.0178276340997202
max Ny,23.894,10.185,16.9,-44.8,0.0396984857488472
min My,23.894,10.185,11.6,-50.6,0.043500655505436
max My,23.894,10.185,-131.7,66.2,0.0327555517617676
max Ny,23.894,10.415,25.8,-7.1,0.0107518941340503
min My,23.894,10.415,23.1,-18.1,0.0190250863463845
max My,23.894,10.415,-127.6,298.7,0.277877519035593
max Ny,23.606,10.415,-56.7,32.7,0.0174379067027317
min My,23.606,10.415,-185.4,7.9,0
max My,23.606,10.415,-139.6,60.4,0.0270562150637309
max Ny,23.606,10.585,-92.2,-11.9,0.000165005028571281
min My,23.606,10.585,-117.7,-28,0.00607615979593152
max My,23.606,10.585,-378.3,43.3,0
max Ny,23.894,10.585,112.2,189.6,0.192504378350221
min My,23.894,10.585,-5.3,66.4,0.0534666031993808
max My,23.894,10.585,97.7,229,0.242876738207223
max Ny,23.894,10.815,125.1,1.3,0
min My,23.894,10.815,72.9,-19,0.0295659958113453
max My,23.894,10.815,57.6,25.5,0.0315993522222826
max Ny,23.606,10.815,-50.8,-20.8,0.00893201303358308
min My,23.606,10.815,-79.5,-38,0.0182266526494895
max My,23.606,10.815,-350.1,10.6,0
max Ny,24.127,7.603,132.2,-184.4,0.19072222384603
min My,24.127,7.603,127.9,-200.5,0.21182157829777
max My,24.127,7.603,-11.1,123.8,0.0994735312685521
max Ny,24.473,7.603,138.6,-140,0.139691151169958
min My,24.473,7.603,134.4,-152.1,0.14877856222169
max My,24.473,7.603,-39.6,126.7,0.0969099134866607
max Ny,24.473,7.747,131.8,-112.8,0.116290922377802
min My,24.473,7.747,127.5,-123.8,0.124441398476039
max My,24.473,7.747,-24.6,125,0.0981083238691317
max Ny,24.127,7.747,93.4,-158.3,0.146349444179401
min My,24.127,7.747,89.9,-169.8,0.159175956300357
max My,24.127,7.747,-21,116.7,0.091935008741241
max Ny,24.127,8.159,80.2,-77.9,0.0782983683072318
min My,24.127,8.159,77.7,-83.8,0.0826429935520475
max My,24.127,8.159,-13.1,100.6,0.0801211221058605
max Ny,24.473,8.159,44.2,-35.3,0.0369446442559491
min My,24.473,8.159,23.4,-90.2,0.0780291522100358
max My,24.473,8.159,-11.4,104.5,0.0836118042382023
max Ny,24.473,9.141,47.9,-1.2,0
min My,24.473,9.141,18.8,-17,0.0173279890723561
max My,24.473,9.141,11.1,39.9,0.0346497383367413
max Ny,24.127,9.141,26.2,1.7,0
min My,24.127,9.141,11.2,-22.4,0.0203440655192482
max My,24.127,9.141,-8.6,38.5,0.0300401480366368
max Ny,24.127,9.627,36.2,-7,0.0128649612568372
min My,24.127,9.627,-8.8,-30.6,0.0235367872056447
max My,24.127,9.627,-5.4,2.7,0.00133171661363661
max Ny,24.473,9.627,8.8,-5.3,0.00595578859325464
min My,24.473,9.627,-41.5,-32.7,0.0198140348825305
max My,24.473,9.627,5.3,-0.4,0
max Ny,24.473,9.973,-9.8,1.9,0.000255840390743052
min My,24.473,9.973,-38.7,-15.1,0.00623128044817423
max My,24.473,9.973,-59.8,28.9,0.0139590252186537
max Ny,24.127,9.973,10.4,-14,0.0133327412078768
min My,24.127,9.973,-69.8,-24.6,0.00924050737736637
max My,24.127,9.973,1.5,22.8,0.0189413407290088
max Ny,24.127,10.185,30.7,6.4,0.0112477515348687
min My,24.127,10.185,14.4,-42.8,0.0376135435146427
max My,24.127,10.185,-20.2,65.7,0.050309974456655
max Ny,24.473,10.185,-8.5,17.8,0.0131123771176507
min My,24.473,10.185,-77.4,1.7,0
max My,24.473,10.185,-25.2,41.2,0.0294143255907862
max Ny,24.473,10.415,89.1,72.3,0.0754010663281075
min My,24.473,10.415,-61,16.5,0.00446294212001956
max My,24.473,10.415,82.8,73.7,0.0753632112221784
max Ny,24.127,10.415,61.8,169.7,0.151641799045287
min My,24.127,10.415,39,-6.5,0.0131285508715714
max My,24.127,10.415,30.6,321,0.350638483475984
max Ny,24.127,10.585,4.4,156,0.128566852231537
min My,24.127,10.585,-50.3,62,0.0421937792669207
max My,24.127,10.585,-4.8,211.8,0.191936264358199
max Ny,24.473,10.585,167.5,61,0.0814429712378775
min My,24.473,10.585,73.3,-4.2,0
max My,24.473,10.585,147.8,84.5,0.0963873437424533
max Ny,24.473,10.815,129.6,36.2,0.0544215461630233
min My,24.473,10.815,25.5,-18.8,0.020043828253205
max My,24.473,10.815,119.4,48.3,0.0618712226496188
max Ny,24.127,10.815,-4,-10.9,0.00823528520146863
min My,24.127,10.815,-45,-36.5,0.0223282856883091
max My,24.127,10.815,-22.1,-3.2,0.000129130438573559
max Ny,24.854,7.603,67.5,-115.6,0.106744926615351
min My,24.854,7.603,61.7,-136,0.122381610987051
max My,24.854,7.603,-15.6,142,0.113597025112484
max Ny,25.546,7.603,211,58.1,0.0879584097600281
min My,25.546,7.603,157.2,-81,0.0953760411923315
max My,25.546,7.603,146.5,179.4,0.187676777322732
max Ny,25.546,7.747,194,49.9,0.0781745444050741
min My,25.546,7.747,143.6,-76.7,0.0893011449603833
max My,25.546,7.747,131.3,161.8,0.159123103445145
max Ny,24.854,7.747,71.8,-95.3,0.0909417739390175
min My,24.854,7.747,65.9,-114.9,0.105882596487643
max My,24.854,7.747,-6.2,137.6,0.111634421918265
max Ny,24.854,8.159,117.5,-52.1,0.0645257630630003
min My,24.854,8.159,111.8,-67.5,0.0757995212924104
max My,24.854,8.159,15.2,111.2,0.0937725037771898
max Ny,25.546,8.159,197,0,0
min My,25.546,8.159,181.8,-43.5,0.0707824349624025
max My,25.546,8.159,80.9,118.8,0.111796035875238
max Ny,25.546,9.141,148.9,13.5,0
min My,25.546,9.141,106,-5.4,0
max My,25.546,9.141,66.3,47.3,0.0508330341246504
max Ny,24.854,9.141,134,11.8,0
min My,24.854,9.141,90.2,-10.9,0
max My,24.854,9.141,43.5,44.9,0.0446250788854789
max Ny,24.854,9.627,2.6,-10.6,0.00914302861413225
min My,24.854,9.627,-241.8,-49.9,0.00793126986927261
max My,24.854,9.627,-5.6,-8.3,0.00583771953849968
max Ny,25.546,9.627,33,-8.1,0.0130025559131454
min My,25.546,9.627,-201.3,-36.1,0.00382633960109804
max My,25.546,9.627,22,-0.4,0
max Ny,25.546,9.973,36.7,-1.6,0
min My,25.546,9.973,-186.5,-21.8,0
max My,25.546,9.973,27.5,1.1,0
max Ny,24.854,9.973,-9,-2.7,0.000844701924617305
min My,24.854,9.973,-228.1,-19.7,0
max My,24.854,9.973,-35.6,4.2,0
max Ny,24.854,10.185,4,14.2,0.012340337338916
min My,24.854,10.185,-46.8,-15.2,0.00523431595224685
max My,24.854,10.185,-192.2,31.4,0.00234960828213349
max Ny,25.546,10.185,-7.8,0,0
min My,25.546,10.185,-225.2,-14.5,0
max My,25.546,10.185,-17.3,2.2,2.39304410758689E-05
max Ny,25.546,10.415,-12.8,-7.1,0.00371181547234315
min My,25.546,10.415,-227.6,-18.4,0
max My,25.546,10.415,-20.4,-5.6,0.00154885322283255
max Ny,24.854,10.415,18.1,-7.8,0.00975971580235764
min My,24.854,10.415,-48.7,-21.1,0.00946139307779281
max My,24.854,10.415,-174.2,-4.4,0
max Ny,24.854,10.585,-32.7,-5.5,0.000462855635947174
min My,24.854,10.585,-282.6,-21,0
max My,24.854,10.585,-52.4,-4.2,0
max Ny,25.546,10.585,-53.1,-4.6,0
min My,25.546,10.585,-389,-23.7,0
max My,25.546,10.585,-60.4,-4.1,0
max Ny,25.546,10.815,-71.6,-1.5,0
min My,25.546,10.815,-403.7,-21,0
max My,25.546,10.815,-81.7,-0.8,0
max Ny,24.854,10.815,-40.1,7.1,0.000720699495193845
min My,24.854,10.815,-286.1,-25,0
max My,24.854,10.815,-62.1,16.2,0.00413808449232354
max Ny,26.054,7.603,240.3,32.4,0.076101598290827
min My,26.054,7.603,210.9,-46.7,0.079290997057375
max My,26.054,7.603,138.7,180.4,0.186943545922573
max Ny,26.746,7.603,62.2,36.8,0.0415628414287084
min My,26.746,7.603,20.6,-54.2,0.0480557019971702
max My,26.746,7.603,-2.3,164.8,0.134599528250217
max Ny,26.746,7.747,62.3,38.4,0.0428735909999557
min My,26.746,7.747,18.6,-45.2,0.0403310091140518
max My,26.746,7.747,-0.2,156.9,0.128496249480713
max Ny,26.054,7.747,227.2,24.2,0
min My,26.054,7.747,201.9,-45.2,0.0762745779998172
max My,26.054,7.747,119.6,161.7,0.155851715419495
max Ny,26.054,8.159,162.5,50.6,0.0722778599525968
min My,26.054,8.159,114,-39.2,0.0536048254820641
max My,26.054,8.159,94.1,124.2,0.118616427638523
max Ny,26.746,8.159,92.3,50,0.0579625441934335
min My,26.746,8.159,57.1,-21.9,0.0286376787197519
max My,26.746,8.159,31.8,127.4,0.10998694585989
max Ny,26.746,9.141,84.1,-7,0
min My,26.746,9.141,53.6,-19.9,0.0263619349206564
max My,26.746,9.141,38.5,44.2,0.0431324025715787
max Ny,26.054,9.141,95.7,20.3,0.0353195201075891
min My,26.054,9.141,40,-9.6,0.0155956192250244
max My,26.054,9.141,54.3,45.8,0.0473640122271876
max Ny,26.054,9.627,47.3,-9,0.0167045209612143
min My,26.054,9.627,-25.8,-25,0.016105526578005
max My,26.054,9.627,16.9,8.6,0.0101667804222449
max Ny,26.746,9.627,112,-1.1,0
min My,26.746,9.627,1.7,-22,0.0183212553032089
max My,26.746,9.627,80.2,3.9,0
max Ny,26.746,9.973,41.4,-1.3,0
min My,26.746,9.973,-109.8,-11.7,0
max My,26.746,9.973,23.3,2.5,0
max Ny,26.054,9.973,40.5,-4,0
min My,26.054,9.973,-22.6,-13.1,0.00700334819631911
max My,26.054,9.973,-1.3,10.4,0.00829234886246126
max Ny,26.054,10.185,60.1,-1,0
min My,26.054,10.185,17.3,-10.8,0.0120159910763907
max My,26.054,10.185,19.2,6.3,0.00879110018706721
max Ny,26.746,10.185,22.1,-8.7,0.0112613625301367
min My,26.746,10.185,-107.6,-18.3,0.00160700425781977
max My,26.746,10.185,-9.6,-1,0
max Ny,26.746,10.415,35.8,-1.7,0
min My,26.746,10.415,-136.4,-10.1,0
max My,26.746,10.415,0.3,1.2,0.00103606765414084
max Ny,26.054,10.415,8.8,-10,0.00977494795525915
min My,26.054,10.415,-24.7,-15.3,0.00844012599928494
max My,26.054,10.415,-58.3,-4,0
max Ny,26.054,10.585,95.1,1.7,0
min My,26.054,10.585,-17.1,-4.5,0.00116582044237447
max My,26.054,10.585,85.4,4,0
max Ny,26.746,10.585,18.2,-2.9,0.00603712694611677
min My,26.746,10.585,-163.3,-10.3,0
max My,26.746,10.585,-21.9,-0.6,0
max Ny,26.746,10.815,24.2,-4.1,0.00819195056451939
min My,26.746,10.815,-161.5,-13,0
max My,26.746,10.815,-82.1,1.1,0
max Ny,26.054,10.815,178.9,6.4,0
min My,26.054,10.815,33.7,0.5,0
max My,26.054,10.815,171.8,6.8,0
max Ny,27.317,7.603,64.2,57.9,0.0590486102052348
min My,27.317,7.603,-5.9,-49.8,0.0397641992954196
max My,27.317,7.603,14.6,163.9,0.136834606070774
max Ny,28.183,7.603,83.5,35,0.044240622081337
min My,28.183,7.603,59.9,-35.2,0.03983294808193
max My,28.183,7.603,21.1,179.8,0.154930238578892
max Ny,28.183,7.747,89.5,26.2,0.0385110055184825
min My,28.183,7.747,68.2,-33.6,0.0401410859528584
max My,28.183,7.747,18.4,162.6,0.136440597582246
max Ny,27.317,7.747,72.6,63.4,0.0650862961450822
min My,27.317,7.747,-1,-40.7,0.0331657937219959
max My,27.317,7.747,24.6,156.7,0.132704670826776
max Ny,27.317,8.159,62.3,49,0.0514601537617353
min My,27.317,8.159,10.9,-18.4,0.0170188453823716
max My,27.317,8.159,11.9,128.6,0.107442244489022
max Ny,28.183,8.159,63.8,76.3,0.0739680514850466
min My,28.183,8.159,-5,-30.9,0.0244399940701238
max My,28.183,8.159,31.5,127.5,0.110015417412188
max Ny,28.183,9.141,45.9,17,0.022542276668335
min My,28.183,9.141,-18.3,-8.1,0.00368867413452192
max My,28.183,9.141,16,51.5,0.0450219923508065
max Ny,27.317,9.141,43.7,-7.8,0.0150677901831551
min My,27.317,9.141,20.9,-19.6,0.0198340555453249
max My,27.317,9.141,9.1,44.8,0.0383064091627186
max Ny,27.317,9.627,103.5,-7.3,0
min My,27.317,9.627,8.1,-23.5,0.0206869202860284
max My,27.317,9.627,40.8,-1.2,0
max Ny,28.183,9.627,49.4,-15.2,0.021830333808739
min My,28.183,9.627,-0.8,-30.7,0.0250089427906058
max My,28.183,9.627,13.4,7.2,0.00836750948540997
max Ny,28.183,9.973,29.3,4.6,0.00967384580018903
min My,28.183,9.973,-5.1,-7.1,0.00494185719063166
max My,28.183,9.973,-9.9,24.2,0.0181093699793048
max Ny,27.317,9.973,10.1,-2.6,0.00407152447913746
min My,27.317,9.973,-101.2,-10.1,0
max My,27.317,9.973,-9.4,4.7,0.00231817336447854
max Ny,27.317,10.185,-8.7,5.4,0.00298159690682119
min My,27.317,10.185,-141.1,-12.4,0
max My,27.317,10.185,-21.7,10.8,0.00531205033585879
max Ny,28.183,10.185,61.2,13,0.0226001915444928
min My,28.183,10.185,48.9,-1.5,0
max My,28.183,10.185,2.3,40.4,0.0334996904156876
max Ny,28.183,10.415,58.1,-10.1,0.0198444246907018
min My,28.183,10.415,43.7,-15.4,0.0208422983569446
max My,28.183,10.415,-46.5,-2.7,0
max Ny,27.317,10.415,-10.5,4.2,0.00176976498957303
min My,27.317,10.415,-141.3,-15.3,0
max My,27.317,10.415,-24.2,9.8,0.00417123788718428
max Ny,27.317,10.585,-13.9,-7,0.00346743517226526
min My,27.317,10.585,-156.9,-12.6,0
max My,27.317,10.585,-43.7,4.6,0
max Ny,28.183,10.585,127.5,8,0
min My,28.183,10.585,112.9,4.3,0
max My,28.183,10.585,14.7,16.2,0.0159171876459989
max Ny,28.183,10.815,172.2,35.9,0.0630911905852027
min My,28.183,10.815,122.6,17.2,0.0392013011496113
max My,28.183,10.815,87.4,45.5,0.053401268968247
max Ny,27.317,10.815,-26.2,0.2,0
min My,27.317,10.815,-187,-8.9,0
max My,27.317,10.815,-81.6,13.8,0.00118610322795182
max Ny,28.817,7.603,103.3,129.9,0.124954027025316
min My,28.817,7.603,47.2,-63.7,0.0606420367368227
max My,28.817,7.603,80.1,191.2,0.18609866025084
max Ny,29.683,7.603,52.6,44.8,0.0462338413267063
min My,29.683,7.603,13.6,-115.8,0.0972575013733984
max My,29.683,7.603,28.3,175.6,0.15103741439847
max Ny,29.683,7.747,47,118.2,0.105172853039245
min My,29.683,7.747,3,-94.9,0.0782683435726943
max My,29.683,7.747,25.7,166.3,0.140762532606103
max Ny,28.817,7.747,100.8,117.7,0.114540511645968
min My,28.817,7.747,45.7,-59.3,0.0567752619285628
max My,28.817,7.747,71.9,173.6,0.159668185177196
max Ny,28.817,8.159,120.5,26.3,0.0450194385620896
min My,28.817,8.159,101.9,-28.6,0.0428955824098584
max My,28.817,8.159,33.3,125.5,0.108698343084587
max Ny,29.683,8.159,85,41.7,0.0498874102428591
min My,29.683,8.159,63.3,-39.1,0.0436293222797112
max My,29.683,8.159,0.2,125.1,0.102516112756257
max Ny,29.683,9.141,80,21.6,0.0330197830478721
min My,29.683,9.141,41,-22.9,0.0263025437609644
max My,29.683,9.141,17.3,37.4,0.0337148348293105
max Ny,28.817,9.141,103.4,9.2,0
min My,28.817,9.141,75,-8.9,0
max My,28.817,9.141,35,52,0.0488594489297896
max Ny,28.817,9.627,-0.4,-11.5,0.00935059788462187
min My,28.817,9.627,-333.3,-41.2,0.000223104146608307
max My,28.817,9.627,-21.4,-2.9,7.06424650519346E-05
max Ny,29.683,9.627,-42.2,-30.7,0.0180871692561052
min My,29.683,9.627,-366.8,-80.9,0.0150277239183178
max My,29.683,9.627,-49.2,-27.1,0.0141155778755657
max Ny,29.683,9.973,-34.1,-25.3,0.015013023291052
min My,29.683,9.973,-252,-36.9,0.00159641298604316
max My,29.683,9.973,-112.2,-3.1,0
max Ny,28.817,9.973,1.8,-4.2,0.00376045680458338
min My,28.817,9.973,-223.7,-18,0
max My,28.817,9.973,-76.8,8.2,0
max Ny,28.817,10.185,-47.4,7.7,0.000562519826221167
min My,28.817,10.185,-299.1,-17.2,0
max My,28.817,10.185,-86.4,13.8,0.000936375846491225
max Ny,29.683,10.185,-15.8,-31,0.0226667975395369
min My,29.683,10.185,-27.6,-38.2,0.0265617424034424
max My,29.683,10.185,-338.8,50.1,0.00229778656230253
max Ny,29.683,10.415,-15.4,-16.5,0.0108962692080824
min My,29.683,10.415,-28.3,-26,0.0165108657840908
max My,29.683,10.415,-317.3,156.5,0.076553829632788
max Ny,28.817,10.415,-47.3,0.3,0
min My,28.817,10.415,-305.3,-23.9,0
max My,28.817,10.415,-60.2,4.1,0
max Ny,28.817,10.585,-78.8,-1.1,0
min My,28.817,10.585,-368.3,-22,0
max My,28.817,10.585,-93.5,0.1,0
max Ny,29.683,10.585,-52.2,87.6,0.0627739216170089
min My,29.683,10.585,-276,36.7,0.00073974874152987
max My,29.683,10.585,-143.8,150,0.098432797614496
max Ny,29.683,10.815,-42.5,10.5,0.00244396530907567
min My,29.683,10.815,-350.2,-34.3,0
max My,29.683,10.815,-58.9,20.1,0.00730529363425443
max Ny,28.817,10.815,-87.7,-3.7,0
min My,28.817,10.815,-384.9,-25.3,0
max My,28.817,10.815,-99.2,-2.3,0
max Ny,30.254,7.603,65.1,-9.9,0.0212861280828952
min My,30.254,7.603,45.9,-111,0.0990830356577865
max My,30.254,7.603,-65.5,163.4,0.122505708927766
max Ny,30.946,7.603,50,6.9,0.0159218034534205
min My,30.946,7.603,20.5,-133,0.112566637558989
max My,30.946,7.603,12.9,173.9,0.144742880806533
max Ny,30.946,7.747,78.6,12.4,0.0259904528388387
min My,30.946,7.747,50.6,-113.9,0.10230128440471
max My,30.946,7.747,11.6,158.2,0.131636388699473
max Ny,30.254,7.747,50.2,-1.4,0
min My,30.254,7.747,29.6,-90.4,0.0792996414784955
max My,30.254,7.747,-70,153.7,0.113801377171301
max Ny,30.254,8.159,-0.8,81.2,0.0663781082285778
min My,30.254,8.159,-72.5,-72.1,0.0467597629366521
max My,30.254,8.159,-20.3,122.8,0.0970526246883589
max Ny,30.946,8.159,43,8.8,0.0156338234915908
min My,30.946,8.159,18.3,-72.6,0.0627088051989633
max My,30.946,8.159,-17.1,123.3,0.0980184466265779
max Ny,30.946,9.141,53.3,44.9,0.0464457942878608
min My,30.946,9.141,17.3,-1.6,0
max My,30.946,9.141,1.7,55.5,0.0457637947240698
max Ny,30.254,9.141,-8,24.2,0.0184350039926743
min My,30.254,9.141,-62.4,-22.5,0.00864303453084095
max My,30.254,9.141,-16,37.6,0.0280312646641159
max Ny,30.254,9.627,1.1,-15.9,0.0132185981123655
min My,30.254,9.627,-43.3,-54,0.0368340669319545
max My,30.254,9.627,-1.3,-13.2,0.0105859024281741
max Ny,30.946,9.627,38.9,-25.2,0.0277587770356442
min My,30.946,9.627,28.4,-30.6,0.0301825762680276
max My,30.946,9.627,-1.2,-6.5,0.0051153671384293
max Ny,30.946,9.973,-9.7,-20.5,0.0151165323611726
min My,30.946,9.973,-164.3,-33.5,0.00516485911613943
max My,30.946,9.973,-26,-13,0.00641196888047256
max Ny,30.254,9.973,-4.9,-16,0.0122553754849261
min My,30.254,9.973,-33,-36.1,0.0239538085793849
max My,30.254,9.973,-66.7,19.4,0.00582602340070861
max Ny,30.254,10.185,6.8,-22.4,0.0195539369903035
min My,30.254,10.185,-1.3,-37.3,0.0303280041534318
max My,30.254,10.185,-37.6,68.6,0.049712561496093
max Ny,30.946,10.185,-30.4,5.5,0.000600171323361464
min My,30.946,10.185,-238.2,-32.3,0.000791464412099307
max My,30.946,10.185,-44.5,15.6,0.00582862690364251
max Ny,30.946,10.415,-17.7,10.5,0.0056768579085455
min My,30.946,10.415,-248.1,-35.6,0.00135440167790668
max My,30.946,10.415,-31,19.9,0.0111522941744376
max Ny,30.254,10.415,46.9,94.7,0.085926941974785
min My,30.254,10.415,34.9,-6.9,0.0125123651692124
max My,30.254,10.415,-22.9,199,0.169798151537455
max Ny,30.254,10.585,128,156.7,0.15135489502821
min My,30.254,10.585,69.1,68.2,0.0683424146672494
max My,30.254,10.585,93.1,199.2,0.200604960514928
max Ny,30.946,10.585,-27.1,-50.5,0.0366940893560233
min My,30.946,10.585,-77.1,-70.5,0.0447108560478861
max My,30.946,10.585,-222,-24.9,0
max Ny,30.946,10.815,-47.6,-39.8,0.0245828216972095
min My,30.946,10.815,-93.6,-59.9,0.033524125328391
max My,30.946,10.815,-274.3,-21.9,0
max Ny,30.254,10.815,180,50.7,0.0759111645924605
min My,30.254,10.815,135.8,24.3,0.0468667959467787
max My,30.254,10.815,60.2,62.8,0.0622968650846018
max Ny,31.58,7.603,69.8,-20.9,0.0303965580332841
min My,31.58,7.603,53.2,-138,0.122490357041103
max My,31.58,7.603,-19.1,170.5,0.136332112912163
max Ny,32.62,7.603,51.7,-57.3,0.0562454248302232
min My,32.62,7.603,41,-134.1,0.117113729604379
max My,32.62,7.603,-48.4,148.4,0.113160770991125
max Ny,32.62,7.747,56.8,-46.9,0.0487249867151415
min My,32.62,7.747,46.6,-114.1,0.101745672498496
max My,32.62,7.747,-51.2,141.2,0.106786640569673
max Ny,31.58,7.747,60.3,-15.5,0.0242908349048347
min My,31.58,7.747,44.1,-124,0.109399974898866
max My,31.58,7.747,-18.3,155.4,0.124102775394154
max Ny,31.58,8.159,88.7,-4.4,0
min My,31.58,8.159,76.1,-76.1,0.0760729549230676
max My,31.58,8.159,-21.1,122.1,0.0963403769143399
max Ny,32.62,8.159,75.6,-24,0.0339843273858453
min My,32.62,8.159,65.3,-69.7,0.0688619613676224
max My,32.62,8.159,-36.5,112.3,0.0856548009416906
max Ny,32.62,9.141,64.7,14.9,0.0247533086700776
min My,32.62,9.141,55.1,-6.8,0
max My,32.62,9.141,-19,56.6,0.0430668828187742
max Ny,31.58,9.141,117.8,49.7,0.0626707093951911
min My,31.58,9.141,-17.4,7.8,0.0035840237359413
max My,31.58,9.141,105.9,67.9,0.0750005623758587
max Ny,31.58,9.627,90.4,6.3,0
min My,31.58,9.627,9.1,-14.4,0.013422525925178
max My,31.58,9.627,59.2,36.8,0.0409912719886304
max Ny,32.62,9.627,32.7,22.5,0.0243999154525151
min My,32.62,9.627,-9.4,2.8,0.000867945283492449
max My,32.62,9.627,22.1,39.8,0.0365447905591856
max Ny,32.62,9.973,29.4,13.3,0.0163559637121991
min My,32.62,9.973,-2.5,-0.1,0
max My,32.62,9.973,19.3,34.2,0.0314588689794234
max Ny,31.58,9.973,-12.8,-10.2,0.00620370339856261
min My,31.58,9.973,-36.5,-17.8,0.00864644428933025
max My,31.58,9.973,-108,15.3,0.000533231151109644
max Ny,31.58,10.185,-2.8,-3.2,0.00214398094088874
min My,31.58,10.185,-13.7,-7.2,0.00365559917492943
max My,31.58,10.185,-130.4,35,0.00935448744282765
max Ny,32.62,10.185,105.9,16.4,0.0348171022893571
min My,32.62,10.185,14.4,0.5,0
max My,32.62,10.185,96.8,25.8,0.0396961436045647
max Ny,32.62,10.415,95.5,11.5,0
min My,32.62,10.415,18,0.2,0
max My,32.62,10.415,85.4,15.4,0.0295562677700198
max Ny,31.58,10.415,-14.6,-0.2,0
min My,31.58,10.415,-43.4,-7.9,0.000879312976123728
max My,31.58,10.415,-120.5,22.5,0.00271280024733628
max Ny,31.58,10.585,-6.8,-11.9,0.0085766610615075
min My,31.58,10.585,-31.2,-19.4,0.0107202566389083
max My,31.58,10.585,-77.9,8.8,0
max Ny,32.62,10.585,62.8,9.6,0.0205659854685608
min My,32.62,10.585,9.2,3,0.00419771969451538
max My,32.62,10.585,58.9,11.6,0.0210842618280322
max Ny,32.62,10.815,71.6,5.7,0
min My,32.62,10.815,52,2.8,0
max My,32.62,10.815,19.4,6.8,0.00922381317228351
max Ny,31.58,10.815,13.8,18.8,0.0178736797945726
min My,31.58,10.815,-66.5,11.3,0.000989006830729664
max My,31.58,10.815,-20.1,35.3,0.0254537647024286
max Ny,33.254,7.603,57.9,-32.5,0.0372738007323148
min My,33.254,7.603,41.8,-127.3,0.111689682758625
max My,33.254,7.603,-29.8,141.1,0.110392684024543
max Ny,33.946,7.603,29,-24.3,0.025165328817649
min My,33.946,7.603,10.9,-111.2,0.0930126329111647
max My,33.946,7.603,-49.4,142.3,0.107995783860568
max Ny,33.946,7.747,42.7,-18.3,0.0229437078443562
min My,33.946,7.747,26,-97,0.0840605842500309
max My,33.946,7.747,-39.6,133.7,0.102640661385714
max Ny,33.254,7.747,56.1,-23.6,0.0297910401168115
min My,33.254,7.747,41.3,-110,0.0974388954569818
max My,33.254,7.747,-27.5,136.6,0.107105816951186
max Ny,33.254,8.159,62.6,-15.9,0.025071590392356
min My,33.254,8.159,53.1,-60.3,0.0589495620182344
max My,33.254,8.159,-38.6,107.2,0.0811196825236611
max Ny,33.946,8.159,46.8,-6.8,0.0151040328523079
min My,33.946,8.159,35.3,-60.4,0.0557790732113761
max My,33.946,8.159,-34.7,107.1,0.0817074845828801
max Ny,33.946,9.141,35.6,11.4,0.0160800963047756
min My,33.946,9.141,29.1,-13.1,0.0161377019443596
max My,33.946,9.141,-12.4,47,0.0363438004033054
max Ny,33.254,9.141,48.8,11,0.0184918280034243
min My,33.254,9.141,41.7,-9.4,0.0158017247077473
max My,33.254,9.141,-15,54.3,0.0418723988170515
max Ny,33.254,9.627,28.6,10.1,0.0136572603930359
min My,33.254,9.627,23.7,-0.1,0
max My,33.254,9.627,-8.8,33.8,0.0261568785200729
max Ny,33.946,9.627,24.5,8.1,0.0112655555308625
min My,33.946,9.627,17.4,-1.9,0
max My,33.946,9.627,-11.1,23.7,0.0174956148576456
max Ny,33.946,9.973,11.7,7.1,0.00796161047918454
min My,33.946,9.973,-16.5,-3.5,0.000594763454419404
max My,33.946,9.973,8.5,14.8,0.0136405871945892
max Ny,33.254,9.973,80,8.1,0
min My,33.254,9.973,13.1,2,0.00428840256535172
max My,33.254,9.973,71.4,20.3,0.0302573612721613
max Ny,33.254,10.185,-7.2,2.8,0.00115218742074549
min My,33.254,10.185,-22.9,-5.5,0.00121538266094904
max My,33.254,10.185,-32.8,12.8,0.00528287477807788
max Ny,33.946,10.185,47.6,3.8,0
min My,33.946,10.185,38.3,-4.4,0
max My,33.946,10.185,0.8,10.2,0.00849648376795093
max Ny,33.946,10.415,49.1,1.4,0
min My,33.946,10.415,9.9,-5.5,0.00632733241406244
max My,33.946,10.415,39.7,7.2,0.013768737857071
max Ny,33.254,10.415,-2.2,0.4,4.43568412598658E-05
min My,33.254,10.415,-8.8,-2.8,0.000941658774510459
max My,33.254,10.415,-52.3,7.4,0.000255646051682703
max Ny,33.254,10.585,-3.2,0.9,0.000257917474372539
min My,33.254,10.585,-7.2,-0.5,0
max My,33.254,10.585,-29.6,7,0.00150178001834815
max Ny,33.946,10.585,25.6,0.9,0
min My,33.946,10.585,14.6,-3.5,0.00568938072342816
max My,33.946,10.585,15.4,4.3,0.00646556803125508
max Ny,33.946,10.815,15.7,0.1,0
min My,33.946,10.815,-3.6,-1.5,0.000653053428941012
max My,33.946,10.815,5.6,1.6,0.0023791871111259
max Ny,33.254,10.815,-5.4,-8.8,0.0062797267604796
min My,33.254,10.815,-20.8,-16.3,0.00985859598337273
max My,33.254,10.815,-38.6,-5.2,0.000119757311226205
max Ny,34.454,7.603,28.7,-9.2,0.012970913906664
min My,34.454,7.603,7.2,-106.5,0.0885100776074378
max My,34.454,7.603,-45.1,149.3,0.114465236798675
max Ny,35.146,7.603,100.2,21.7,0.0373096469783112
min My,35.146,7.603,66.7,-100.9,0.0945851433010634
max My,35.146,7.603,46.3,146.4,0.128130762730067
max Ny,35.146,7.747,78.2,19,0.0306648019444413
min My,35.146,7.747,46.1,-90.6,0.0824289365145735
max My,35.146,7.747,30,131.7,0.113187897150751
max Ny,34.454,7.747,37.5,-5.6,0.0121964013352183
min My,34.454,7.747,16.6,-95.4,0.0810791606317072
max My,34.454,7.747,-37.2,138.9,0.107311916314264
max Ny,34.454,8.159,36.6,11.3,0.0162038503149418
min My,34.454,8.159,17.5,-58.2,0.0507753402679348
max My,34.454,8.159,-18,106.1,0.0837740960061486
max Ny,35.146,8.159,66.8,26.3,0.0340413824174037
min My,35.146,8.159,36.8,-55.5,0.0520468510729354
max My,35.146,8.159,17.5,106,0.0899205512520849
max Ny,35.146,9.141,37.8,23.3,0.0260140976239845
min My,35.146,9.141,-4.6,-10.5,0.0078053663088894
max My,35.146,9.141,14.5,39,0.0345209262566943
max Ny,34.454,9.141,19.4,21,0.0206968953257471
min My,34.454,9.141,3.7,-11.5,0.0100761867382273
max My,34.454,9.141,-10,40.4,0.0313539562182839
max Ny,34.454,9.627,46.9,6.7,0.0150671186740395
min My,34.454,9.627,-14.3,-6.4,0.00293741245652588
max My,34.454,9.627,36.4,11.6,0.0163975434538676
max Ny,35.146,9.627,19.9,-0.3,0
min My,35.146,9.627,-88.8,-12,0.000284737999037406
max My,35.146,9.627,16.8,1,0
max Ny,35.146,9.973,-4.1,-0.1,0
min My,35.146,9.973,-107.4,-15.7,0.000672317590245882
max My,35.146,9.973,-21.8,4.2,0.000555505508017067
max Ny,34.454,9.973,20.7,2.2,0
min My,34.454,9.973,-24.3,-13.7,0.00722274886013552
max My,34.454,9.973,14.4,9.5,0.010414444016424
max Ny,34.454,10.185,-8.6,1.3,6.74052495978225E-05
min My,34.454,10.185,-36.8,-15.1,0.0064953494335641
max My,34.454,10.185,-21,11,0.00557453660501358
max Ny,35.146,10.185,-10.4,0.8,0
min My,35.146,10.185,-86.9,-9.3,0
max My,35.146,10.185,-47.3,15.5,0.00539146817986614
max Ny,35.146,10.415,-31.5,2.2,0
min My,35.146,10.415,-115.7,-10.3,0
max My,35.146,10.415,-51.6,14.8,0.00436029504361754
max Ny,34.454,10.415,-19.7,3.8,0.000504338484946805
min My,34.454,10.415,-49.5,-12.8,0.00322272868662428
max My,34.454,10.415,-28,10.4,0.00410814762978378
max Ny,34.454,10.585,11.1,-2,0.00384046881540966
min My,34.454,10.585,-15,-10.8,0.00633849354951339
max My,34.454,10.585,-31.8,5.9,0.00069753525293863
max Ny,35.146,10.585,-50,4.5,0
min My,35.146,10.585,-183.6,-8.4,0
max My,35.146,10.585,-81.2,14.5,0.00151509169967357
max Ny,35.146,10.815,-58.2,-0.3,0
min My,35.146,10.815,-192.9,-14,0
max My,35.146,10.815,-74.7,7.3,0
max Ny,34.454,10.815,21.4,2.2,0
min My,34.454,10.815,-7,-10.2,0.0071542680286024
max My,34.454,10.815,-19.1,4,0.000659192660320227
max Ny,35.527,7.603,129.6,29.5,0.0493239153755277
min My,35.527,7.603,88.3,-102.7,0.100006818429352
max My,35.527,7.603,74.3,138.8,0.126945969897719
max Ny,35.873,7.603,24.8,3.1,0
min My,35.873,7.603,-5.7,-115.1,0.093290342048795
max My,35.873,7.603,-26.9,126,0.0985288056809223
max Ny,35.873,7.747,48,16.7,0.0227236210561438
min My,35.873,7.747,20.1,-91.4,0.0784245440860903
max My,35.873,7.747,-8.2,125.3,0.101208761750074
max Ny,35.527,7.747,109.8,30.1,0.0456685882786468
min My,35.527,7.747,68.5,-90.4,0.0863375118966545
max My,35.527,7.747,61.4,127.8,0.11561907144662
max Ny,35.527,8.159,72.2,27.8,0.0362968830146857
min My,35.527,8.159,39.4,-58,0.0545629469632333
max My,35.527,8.159,25.1,105.1,0.0905330922658757
max Ny,35.873,8.159,46.8,23.6,0.0279812469343782
min My,35.873,8.159,13.2,-61.3,0.0525477620241987
max My,35.873,8.159,5.5,100.9,0.0836232905991484
max Ny,35.873,9.141,102.3,35.2,0.0481214845904616
min My,35.873,9.141,-4.5,7.3,0.00520587272172039
max My,35.873,9.141,94,41.9,0.0517962681793956
max Ny,35.527,9.141,63.1,26.6,0.0335522849684266
min My,35.527,9.141,19,-2.9,0.00621933071326334
max My,35.527,9.141,17.6,35.8,0.0324600294505853
max Ny,35.527,9.627,11.3,-3.4,0.00493373345007993
min My,35.527,9.627,-173.9,-22,0.00021677404790226
max My,35.527,9.627,1.5,0,0
max Ny,35.873,9.627,55.1,-6.7,0
min My,35.873,9.627,-149.7,-35.8,0.00784699835042201
max My,35.873,9.627,38.5,-3.2,0
max Ny,35.873,9.973,105,1.1,0
min My,35.873,9.973,-30.9,-10.9,0.00409802256084574
max My,35.873,9.973,59.2,16.2,0.0246006350959027
max Ny,35.527,9.973,13.2,-0.6,0
min My,35.527,9.973,-105.9,-14.2,0.000312314081573429
max My,35.527,9.973,-61.7,7.9,9.67131869766582E-05
max Ny,35.527,10.185,-13.1,6.7,0.00334921873380493
min My,35.527,10.185,-130.2,-7.3,0
max My,35.527,10.185,-35.6,16.3,0.00759976611310583
max Ny,35.873,10.185,15.7,-5.4,0.00738352238503701
min My,35.873,10.185,-364.1,-31.5,0
max My,35.873,10.185,-60,-3.6,0
max Ny,35.873,10.415,95.7,18.1,0.0337192321380832
min My,35.873,10.415,-52.2,3.3,0
max My,35.873,10.415,-193.6,59.5,0.0191914636876404
max Ny,35.527,10.415,-49,10.6,0.00188539890890951
min My,35.527,10.415,-176.2,-1.9,0
max My,35.527,10.415,-84.3,26.9,0.00907711284860652
max Ny,35.527,10.585,54.3,8.3,0.017781963630062
min My,35.527,10.585,-61.1,-0.4,0
max My,35.527,10.585,-24.9,21.8,0.0136539723257684
max Ny,35.873,10.585,-136.9,28.8,0.00479829451960474
min My,35.873,10.585,-273.3,14.6,0
max My,35.873,10.585,-232.5,56,0.0124412804384064
max Ny,35.873,10.815,-159.3,1.6,0
min My,35.873,10.815,-347.6,-5.9,0
max My,35.873,10.815,-262.3,3.9,0
max Ny,35.527,10.815,76.8,-6.4,0
min My,35.527,10.815,-3.5,-11.5,0.00881231639462864
max My,35.527,10.815,43.3,3.9,0
max Ny,36.127,7.603,30.4,1.7,0
min My,36.127,7.603,1.9,-118,0.096998325173023
max My,36.127,7.603,-22.7,124.7,0.0981921362879507
max Ny,36.473,7.603,147.7,22.1,0.0480649256373982
min My,36.473,7.603,112.8,-112,0.112108310535916
max My,36.473,7.603,85.6,131.7,0.123191732106112
max Ny,36.473,7.747,111.8,20.2,0.0387208057550945
min My,36.473,7.747,80,-96.1,0.0930974896250226
max My,36.473,7.747,52.6,118.8,0.106670480302254
max Ny,36.127,7.747,45.8,14.3,0.0204013243734547
min My,36.127,7.747,19.1,-93.7,0.0801304712447313
max My,36.127,7.747,-9.2,123.2,0.0993137798159717
max Ny,36.127,8.159,49.5,23.8,0.028664052657655
min My,36.127,8.159,17,-62.1,0.0538793313130087
max My,36.127,8.159,6.5,98.6,0.0819153091728781
max Ny,36.473,8.159,83.7,27.8,0.0385869641310244
min My,36.473,8.159,57.9,-59.8,0.059427301341538
max My,36.473,8.159,29.4,97.6,0.0851584749406846
max Ny,36.473,9.141,48.1,26.7,0.0307239913715775
min My,36.473,9.141,15,3.3,0.00562349612517591
max My,36.473,9.141,19.5,40.4,0.0365656631258154
max Ny,36.127,9.141,98.8,35.9,0.0479753397303006
min My,36.127,9.141,-0.6,9.7,0.00784107839484756
max My,36.127,9.141,91.5,43.8,0.0528296989655977
max Ny,36.127,9.627,57.6,-5.8,0
min My,36.127,9.627,-142.9,-34.5,0.00769853043161781
max My,36.127,9.627,41.2,-1.2,0
max Ny,36.473,9.627,27,-2.7,0
min My,36.473,9.627,-161.6,-18.9,0
max My,36.473,9.627,15.1,0.1,0
max Ny,36.473,9.973,13.7,-0.1,0
min My,36.473,9.973,-133.2,-16.2,3.93996734984867E-05
max My,36.473,9.973,-82.1,6.1,0
max Ny,36.127,9.973,105.5,0.9,0
min My,36.127,9.973,-37.4,-11.4,0.00363943732741931
max My,36.127,9.973,53.2,16.4,0.0235335559458164
max Ny,36.127,10.185,11.5,-6.1,0.00711744728737272
min My,36.127,10.185,-377.8,-31.8,0
max My,36.127,10.185,-74.4,-3.9,0
max Ny,36.473,10.185,-2.2,6.2,0.00469719174333599
min My,36.473,10.185,-143.9,-7.7,0
max My,36.473,10.185,-44.1,20.9,0.0099697349205035
max Ny,36.473,10.415,-33.1,11.4,0.00418318610110669
min My,36.473,10.415,-185.8,-0.5,0
max My,36.473,10.415,-86.3,27.4,0.00919154230784437
max Ny,36.127,10.415,85.4,19.3,0.0323980529888623
min My,36.127,10.415,-66.4,3.5,0
max My,36.127,10.415,-209.7,59.6,0.0173363760726248
max Ny,36.127,10.585,-141.4,28.6,0.00431904989133542
min My,36.127,10.585,-265.7,16.1,0
max My,36.127,10.585,-233.1,56.7,0.0128294023540329
max Ny,36.473,10.585,39.1,7.4,0.0137801288176141
min My,36.473,10.585,-82.5,-5.4,0
max My,36.473,10.585,-60.3,20.8,0.00764463233882863
max Ny,36.473,10.815,67,-3.2,0
min My,36.473,10.815,-16.8,-9.4,0.00493645643760322
max My,36.473,10.815,15,3.9,0.00607630457066289
max Ny,36.127,10.815,-153.9,2.2,0
min My,36.127,10.815,-319.3,-4,0
max My,36.127,10.815,-268,4.9,0
max Ny,36.685,7.603,147.7,22.7,0.0484476885962029
min My,36.685,7.603,114.4,-114.4,0.114359343537437
max My,36.685,7.603,100.9,132.9,0.126963444353884
max Ny,36.915,7.603,66.7,12.5,0.0234190047890398
min My,36.915,7.603,36.3,-117.1,0.102355996165707
max My,36.915,7.603,27.1,127.7,0.109396598075937
max Ny,36.915,7.747,75,12.7,0.0253837447907294
min My,36.915,7.747,48.6,-104.3,0.0940867573727616
max My,36.915,7.747,31.6,115.7,0.100370839337727
max Ny,36.685,7.747,113.5,16.9,0.0368834556648668
min My,36.685,7.747,84.2,-103.1,0.0995800996892277
max My,36.685,7.747,68.8,117.6,0.108615693258533
max Ny,36.685,8.159,96.8,27.8,0.0412364017208414
min My,36.685,8.159,73.6,-57.9,0.0608040525748464
max My,36.685,8.159,30.2,96.1,0.0840733279684523
max Ny,36.915,8.159,87.7,-0.2,0
min My,36.915,8.159,71.3,-58.3,0.0606982768950895
max My,36.915,8.159,13.2,92.9,0.0784292436638743
max Ny,36.915,9.141,80.1,40.7,0.048137993809294
min My,36.915,9.141,0.6,7.1,0.00592182595473662
max My,36.915,9.141,77,49.3,0.0544762598741666
max Ny,36.685,9.141,58.5,34.7,0.0391623207332398
min My,36.685,9.141,29.3,5.7,0.0104374988778435
max My,36.685,9.141,19.9,43.5,0.0391738481429716
max Ny,36.685,9.627,29,-1.2,0
min My,36.685,9.627,-104.1,-13.4,0.000178486003148429
max My,36.685,9.627,13,2.2,0.00439893544290576
max Ny,36.915,9.627,27.4,-1.9,0
min My,36.915,9.627,-153.8,-23.1,0.0011568025736327
max My,36.915,9.627,15.2,1.9,0
max Ny,36.915,9.973,16.4,0.2,0
min My,36.915,9.973,-135.1,-16.3,1.62671825750785E-05
max My,36.915,9.973,-10.8,11,0.00717665518411312
max Ny,36.685,9.973,-6,0.4,0
min My,36.685,9.973,-179.8,-18.2,0
max My,36.685,9.973,-47.5,3.8,0
max Ny,36.685,10.185,19.9,2.7,0.00631129322225253
min My,36.685,10.185,-127.5,-9.8,0
max My,36.685,10.185,-66.4,19.8,0.00614621229707543
max Ny,36.915,10.185,-48.4,-1.1,0
min My,36.915,10.185,-166.8,-21.9,0.000381750231164774
max My,36.915,10.185,-116.4,5.1,0
max Ny,36.915,10.415,-44.5,1.9,0
min My,36.915,10.415,-166.2,-19.6,0
max My,36.915,10.415,-108.4,8.2,0
max Ny,36.685,10.415,-4,4.7,0.00316757389718136
min My,36.685,10.415,-152.4,-6.8,0
max My,36.685,10.415,-54.2,19.3,0.00732403459388026
max Ny,36.685,10.585,-43.5,7.5,0.000692906814085816
min My,36.685,10.585,-219.7,-7.9,0
max My,36.685,10.585,-98.2,17.7,0.00190783594776738
max Ny,36.915,10.585,-53.2,3.9,0
min My,36.915,10.585,-235.7,-7,0
max My,36.915,10.585,-142.6,10,0
max Ny,36.915,10.815,-72,5.6,0
min My,36.915,10.815,-316.8,-4.5,0
max My,36.915,10.815,-152.6,11.1,0
max Ny,36.685,10.815,-49.7,5.2,0
min My,36.685,10.815,-245.9,-8.8,0
max My,36.685,10.815,-80.9,10,5.41066279672878E-05
max Ny,37.423,7.603,34.6,-12,0.0163501109918006
min My,37.423,7.603,15.8,-116.7,0.0983836779740665
max My,37.423,7.603,-21.1,113.6,0.0893787266789799
max Ny,38.577,7.603,25.4,-59.5,0.0532551549754712
min My,38.577,7.603,8.3,-119.3,0.0991892549357033
max My,38.577,7.603,-19.6,76.1,0.0589284479371449
max Ny,38.577,7.747,21.9,-49.3,0.0442793917703585
min My,38.577,7.747,6.7,-103.6,0.0860463950938256
max My,38.577,7.747,-23.5,75.2,0.057519387174008
max Ny,37.423,7.747,44.7,-6.2,0.0142518855239687
min My,37.423,7.747,26.1,-103.9,0.0897284506134082
max My,37.423,7.747,-10.5,105.7,0.0847516914375944
max Ny,37.423,8.159,49.1,-10.8,0.0184060906197462
min My,37.423,8.159,34.4,-65.5,0.059786299555551
max My,37.423,8.159,-1.3,85.1,0.0694852824797361
max Ny,38.577,8.159,13.5,-12,0.0122742183162413
min My,38.577,8.159,-1,-67,0.0547105119814494
max My,38.577,8.159,-16,64.7,0.0502154612769372
max Ny,38.577,9.141,5.1,11,0.00991824758382884
min My,38.577,9.141,-5.3,-16.3,0.0124321638392717
max My,38.577,9.141,-7.4,43.6,0.034424991012982
max Ny,37.423,9.141,62.8,31.9,0.0377334304205088
min My,37.423,9.141,-3.1,5.5,0.00397124809367985
max My,37.423,9.141,53.5,44.5,0.0461580756260617
max Ny,37.423,9.627,1.6,2.7,0.0024974291641647
min My,37.423,9.627,-59.7,-13.3,0.00252522212311091
max My,37.423,9.627,-7.2,11.2,0.00793729538851635
max Ny,38.577,9.627,34.2,14.9,0.0185701012203776
min My,38.577,9.627,28.2,-1.7,0
max My,38.577,9.627,-4.2,30.1,0.0239238215895651
max Ny,38.577,9.973,32.7,8.6,0.0133212859141791
min My,38.577,9.973,28.3,1,0
max My,38.577,9.973,-5.4,20.5,0.0158535520749262
max Ny,37.423,9.973,4.7,8,0.007392400325799
min My,37.423,9.973,-34.1,-8.4,0.00194488224662933
max My,37.423,9.973,-0.9,16.3,0.0131951728954766
max Ny,37.423,10.185,-17.2,-4.3,0.00102209093706774
min My,37.423,10.185,-35.2,-16.8,0.00805038349009854
max My,37.423,10.185,-36.2,7.1,0.00098741211170853
max Ny,38.577,10.185,35.2,10.6,0.0153756755793787
min My,38.577,10.185,12.3,1.4,0
max My,38.577,10.185,26.1,14.5,0.0166811490916192
max Ny,38.577,10.415,35.3,7.3,0.0128898053988006
min My,38.577,10.415,13.8,0.8,0
max My,38.577,10.415,30,9.7,0.0136235684667281
max Ny,37.423,10.415,-22.7,-1.2,0
min My,37.423,10.415,-44,-14,0.0047082938725523
max My,37.423,10.415,-43.6,9.6,0.00177662951519476
max Ny,37.423,10.585,-21.8,-1.9,0
min My,37.423,10.585,-65.3,-8,3.00701921101574E-05
max My,37.423,10.585,-44.6,5,0
max Ny,38.577,10.585,70.2,4.1,0
min My,38.577,10.585,24.1,0.7,0
max My,38.577,10.585,56.8,5.7,0
max Ny,38.577,10.815,67,2.7,0
min My,38.577,10.815,27.5,0,0
max My,38.577,10.815,53.6,3.6,0
max Ny,37.423,10.815,-19.7,-1,0
min My,37.423,10.815,-59.7,-8,0.000174823954655321
max My,37.423,10.815,-37.8,4.2,0
max Ny,39.275,7.603,9.1,-14.6,0.0135859801267562
min My,39.275,7.603,-13.5,-120.3,0.096187991747015
max My,39.275,7.603,-11.2,53,0.0414645848582262
max Ny,40.025,7.603,19.1,-82.7,0.071122019711481
min My,40.025,7.603,10.4,-103.7,0.0867808108678239
max My,40.025,7.603,-43.3,52.3,0.0354482321621214
max Ny,40.025,7.747,26.4,-70.8,0.0626825498899099
min My,40.025,7.747,18.6,-90.6,0.0775028383783731
max My,40.025,7.747,-32.4,54.5,0.0390673787652079
max Ny,39.275,7.747,3.7,-6.1,0.00565779899051071
min My,39.275,7.747,-18.9,-105.6,0.0832083475993389
max My,39.275,7.747,-11.6,55.8,0.0436883693891948
max Ny,39.275,8.159,17.1,-20.8,0.0201106099906141
min My,39.275,8.159,5.9,-62.8,0.0524835782990965
max My,39.275,8.159,-18,55.7,0.0425020052517613
max Ny,40.025,8.159,11.2,-39.4,0.0342581823802351
min My,40.025,8.159,5.2,-62.9,0.0524420049126929
max My,40.025,8.159,-24.1,51.6,0.0381031398913172
max Ny,40.025,9.141,13.4,-8.5,0.00941603014767086
min My,40.025,9.141,11.4,-19.2,0.017763527727978
max My,40.025,9.141,-10.8,38.7,0.0298238958000733
max Ny,39.275,9.141,10.4,10.7,0.0106407008744563
min My,39.275,9.141,2.1,-19,0.01593439953957
max My,39.275,9.141,-5.4,42.5,0.0338717666665958
max Ny,39.275,9.627,3.5,13.3,0.0115142570876555
min My,39.275,9.627,-4.2,-3.6,0.00224056702765335
max My,39.275,9.627,-1.3,29.3,0.023774528169108
max Ny,40.025,9.627,7.6,1.8,0.00294506380542956
min My,40.025,9.627,6.1,-6.8,0.00666832309817169
max My,40.025,9.627,-10.4,25.3,0.0189239771430932
max Ny,40.025,9.973,1.4,8.6,0.00729193048673628
min My,40.025,9.973,-0.8,-2.6,0.00199085311365865
max My,40.025,9.973,-4.6,17.5,0.0135352040016475
max Ny,39.275,9.973,3.9,12.7,0.0110943582588717
min My,39.275,9.973,-13.3,-5.4,0.0023032822069534
max My,39.275,9.973,2.2,18.2,0.0152967709146744
max Ny,39.275,10.185,-3,5.3,0.00382468708764656
min My,39.275,10.185,-11.7,-1,0
max My,39.275,10.185,-9.6,15.5,0.01104595098057
max Ny,40.025,10.185,1.1,5.5,0.00469974361987535
min My,40.025,10.185,-5,-1,0.000146620206683831
max My,40.025,10.185,-3.1,13.7,0.0106827347320035
max Ny,40.025,10.415,0.3,4.8,0.00398486921248283
min My,40.025,10.415,-9.4,-0.7,0
max My,40.025,10.415,-0.7,8.6,0.00692252456426671
max Ny,39.275,10.415,-3.7,2.6,0.00151190700513705
min My,39.275,10.415,-9.6,-1.4,5.90784060834892E-05
max My,39.275,10.415,-7.4,8.2,0.0054568226588595
max Ny,39.275,10.585,-13.7,1.1,0
min My,39.275,10.585,-55.3,-1.4,0
max My,39.275,10.585,-22.3,3.4,0.00018445097178195
max Ny,40.025,10.585,28.7,2.8,0
min My,40.025,10.585,25.5,-0.4,0
max My,40.025,10.585,9.1,5.7,0.00633596377033659
max Ny,40.025,10.815,32.3,1.2,0
min My,40.025,10.815,13.1,-0.3,0
max My,40.025,10.815,26.8,2.5,0
max Ny,39.275,10.815,-15,-1.1,0
min My,39.275,10.815,-56.1,-3.3,0
max My,39.275,10.815,-28.9,-0.1,0
max Ny,40.575,7.603,14.8,-78.6,0.0670003052155088
min My,40.575,7.603,7.1,-99.1,0.0824306180494954
max My,40.575,7.603,-48.1,65.5,0.0454148046830946
max Ny,41.325,7.603,175.4,-79.5,0.0977012280168178
min My,41.325,7.603,170.4,-86.6,0.102419752310624
max My,41.325,7.603,-41.1,115,0.0870749739334733
max Ny,41.325,7.747,165,-70.5,0.0884875783376055
min My,41.325,7.747,161.6,-75.6,0.0918975834874735
max My,41.325,7.747,-56.2,101.4,0.0733765331812357
max Ny,40.575,7.747,21.7,-70.7,0.0617595369312345
min My,40.575,7.747,15.2,-87.3,0.0741967535835034
max My,40.575,7.747,-42.2,62.7,0.0441167807412135
max Ny,40.575,8.159,43.3,-49.7,0.048501263240065
min My,40.575,8.159,40.2,-57.2,0.054055304707028
max My,40.575,8.159,-33.5,54.6,0.0389636160006139
max Ny,41.325,8.159,144.6,-43.6,0.0632058549145842
min My,41.325,8.159,140.8,-46.8,0.064938280183087
max My,41.325,8.159,-53.7,62.6,0.042119331374697
max Ny,41.325,9.141,91.5,-9.8,0
min My,41.325,9.141,25.4,-14.3,0.0163859150267574
max My,41.325,9.141,23.8,14.5,0.0162416516809792
max Ny,40.575,9.141,35,-8.6,0.0137974794825638
min My,40.575,9.141,32.9,-16.2,0.0193571928521445
max My,40.575,9.141,-19.1,32.8,0.0235795371914676
max Ny,40.575,9.627,24.8,-3.2,0.0077826543783607
min My,40.575,9.627,22.6,-10,0.012394199260602
max My,40.575,9.627,-11.5,19.8,0.0142390347804373
max Ny,41.325,9.627,51.9,-6.8,0.0163353297204697
min My,41.325,9.627,19,-11.9,0.0132280473479212
max My,41.325,9.627,17.5,9.9,0.0113278920889074
max Ny,41.325,9.973,43.6,-4.3,0
min My,41.325,9.973,9.5,-8.6,0.00876395419746312
max My,41.325,9.973,13.4,8.2,0.00917363955939087
max Ny,40.575,9.973,16.2,0.9,0
min My,40.575,9.973,13.8,-4.3,0.00614031341554793
max My,40.575,9.973,-7.4,14.6,0.0106823400375617
max Ny,40.575,10.185,17,1.3,0
min My,40.575,10.185,15.5,-3.1,0.00558286548983799
max My,40.575,10.185,-4.3,10.3,0.00769294898076332
max Ny,41.325,10.185,17.4,-4.5,0.0070301808291224
min My,41.325,10.185,5.4,-8.1,0.00760134186957201
max My,41.325,10.185,0.6,5.3,0.00444736921295741
max Ny,41.325,10.415,10.6,-0.8,0
min My,41.325,10.415,2.7,-3.5,0.00335147903965461
max My,41.325,10.415,-2.7,3.5,0.0024051045698122
max Ny,40.575,10.415,14.4,1.9,0.00453888481915321
min My,40.575,10.415,13.1,-1.2,0
max My,40.575,10.415,-1.3,6.9,0.00542562233316069
max Ny,40.575,10.585,-4.3,1.1,0.000272012561413722
min My,40.575,10.585,-18.7,-0.5,0
max My,40.575,10.585,-6.5,2.9,0.00132809034144183
max Ny,41.325,10.585,20.8,-1,0
min My,41.325,10.585,6.5,-2.3,0.00310750372682915
max My,41.325,10.585,12.7,2.3,0.00440229949031113
max Ny,41.325,10.815,16,0.4,0
min My,41.325,10.815,4.2,-0.2,0
max My,41.325,10.815,13.1,1,0
max Ny,40.575,10.815,-4,-0.1,0
min My,40.575,10.815,-17.9,-0.9,0
max My,40.575,10.815,-8.2,0.7,0
max Ny,41.685,7.603,283.1,-73.8,0.114828388582982
min My,41.685,7.603,276.3,-83.2,0.120687225997383
max My,41.685,7.603,-42.3,155.2,0.119778306506506
max Ny,41.915,7.603,230.3,-74.3,0.104455570006645
min My,41.915,7.603,220.4,-86.5,0.112098620346173
max My,41.915,7.603,-138.1,186.8,0.129364720947079
max Ny,41.915,7.747,264.2,-56.3,0.0976970677427843
min My,41.915,7.747,250.5,-68.9,0.104365648637408
max My,41.915,7.747,-114.7,143.1,0.0976177536947448
max Ny,41.685,7.747,271.8,-64.3,0.105269266237631
min My,41.685,7.747,264.9,-70.9,0.108858638120514
max My,41.685,7.747,-67.3,130.7,0.0954498608714146
max Ny,41.685,8.159,222.5,-37.6,0.0752525926919475
min My,41.685,8.159,217.2,-40.1,0.0758306592806969
max My,41.685,8.159,-92.6,66.6,0.0390715726344036
max Ny,41.915,8.159,300.2,-33.4,0
min My,41.915,8.159,294,-35.3,0
max My,41.915,8.159,-168.3,69.2,0.0298153486654155
max Ny,41.915,9.141,113.7,-12.2,0
min My,41.915,9.141,36.9,-29.9,0.031192243228069
max My,41.915,9.141,79.4,5.7,0
max Ny,41.685,9.141,121.2,-9.1,0
min My,41.685,9.141,29.8,-18.6,0.0206952632154996
max My,41.685,9.141,53.3,8.3,0.0175534120322988
max Ny,41.685,9.627,73.1,-9.9,0.0231738935950682
min My,41.685,9.627,18.7,-17.5,0.0177162734897175
max My,41.685,9.627,31.2,7.2,0.0119478086498383
max Ny,41.915,9.627,137.4,-8.3,0
min My,41.915,9.627,5.5,-18,0.0157193642810875
max My,41.915,9.627,59.8,12.4,0.0218605092240314
max Ny,41.915,9.973,48.2,-20.8,0.0260128664019971
min My,41.915,9.973,31.9,-23.9,0.0253839203919317
max My,41.915,9.973,-30.5,2.2,0
max Ny,41.685,9.973,40.9,-11.6,0.0173103367822101
min My,41.685,9.973,14.3,-15.8,0.0155173453759848
max My,41.685,9.973,5.6,3.3,0.00373135578045392
max Ny,41.685,10.185,55.5,-6.7,0
min My,41.685,10.185,37.5,-10.4,0.0156895318759476
max My,41.685,10.185,-9.5,3.7,0.00152449918835989
max Ny,41.915,10.185,49.1,-6.5,0.015487139200699
min My,41.915,10.185,-10.9,-13.1,0.0088700006375178
max My,41.915,10.185,32.4,3.2,0
max Ny,41.915,10.415,15.2,-2,0.00478828923150163
min My,41.915,10.415,-4.1,-19.1,0.0149318541905585
max My,41.915,10.415,9.4,2,0.00347368303733675
max Ny,41.685,10.415,36.1,-6.1,0.0122091833024414
min My,41.685,10.415,26.7,-8.5,0.0120210000364816
max My,41.685,10.415,-5.2,2.5,0.0012035624359923
max Ny,41.685,10.585,-1.1,-1.1,0.000714392248603697
min My,41.685,10.585,-15.8,-4.4,0.00124302246445822
max My,41.685,10.585,-4.9,0.7,2.58523535626257E-05
max Ny,41.915,10.585,30.5,0.1,0
min My,41.915,10.585,-3.2,-3.8,0.00256665339082853
max My,41.915,10.585,12.5,2.4,0.00442999531653625
max Ny,41.915,10.815,13,1.9,0.00420237263627688
min My,41.915,10.815,-8.9,-0.8,0
max My,41.915,10.815,12.5,2,0.00415184450166357
max Ny,41.685,10.815,-3.2,-0.5,3.06476200165145E-05
min My,41.685,10.815,-20.3,-1.9,0
max My,41.685,10.815,-7.3,-0.1,0
max Ny,42.127,7.603,288.3,-77.6,0.118810023624563
min My,42.127,7.603,275.9,-90.3,0.12614639012712
max My,42.127,7.603,-210.8,220.7,0.152204411595723
max Ny,42.473,7.603,1014.1,-101.6,0
min My,42.473,7.603,986.8,-109.5,0
max My,42.473,7.603,-1117.7,362.3,0.135868452796775
max Ny,42.473,7.747,960.2,-58.1,0
min My,42.473,7.747,943.6,-61.9,0
max My,42.473,7.747,-1139.8,248.8,0.0451648080027733
max Ny,42.127,7.747,312.8,-54.5,0.106924471151734
min My,42.127,7.747,298.9,-64.6,0.111198278471008
max My,42.127,7.747,-173.9,155.9,0.0983192082339231
max Ny,42.127,8.159,336.5,-28,0
min My,42.127,8.159,326.4,-30.5,0
max My,42.127,8.159,-186.8,65.3,0.0243285766398802
max Ny,42.473,8.159,295.3,-4.9,0
min My,42.473,8.159,205.4,-13,0
max My,42.473,8.159,54.4,18.9,0.0257324547221352
max Ny,42.473,9.141,261.9,-0.1,0
min My,42.473,9.141,-30,-38.6,0.0264877641601258
max My,42.473,9.141,213.3,13.2,0
max Ny,42.127,9.141,162.2,-8.6,0
min My,42.127,9.141,-2.8,-32,0.0257241275782756
max My,42.127,9.141,125.3,6.2,0
max Ny,42.127,9.627,77.8,-16.1,0.0284167955730797
min My,42.127,9.627,19.6,-23.9,0.0230989531080712
max My,42.127,9.627,46.9,2.1,0
max Ny,42.473,9.627,41.7,-26.6,0.0294221753549645
min My,42.473,9.627,-22.8,-44,0.0321087297084266
max My,42.473,9.627,13.5,-10.4,0.0109741332174752
max Ny,42.473,9.973,118.3,-16.8,0.0379456410024312
min My,42.473,9.973,34.8,-41.9,0.0405761428029153
max My,42.473,9.973,66.7,14.6,0.0249508320829654
max Ny,42.127,9.973,33.5,-20.2,0.0226918685063538
min My,42.127,9.973,7.3,-28.9,0.0249653189322768
max My,42.127,9.973,22.4,-0.3,0
max Ny,42.127,10.185,67.2,-11.6,0.0228958475950119
min My,42.127,10.185,-20.1,-21.8,0.0144368606641429
max My,42.127,10.185,42.8,2.7,0
max Ny,42.473,10.185,101,-6.6,0
min My,42.473,10.185,-113.3,-68.9,0.0376887020195537
max My,42.473,10.185,55.2,-1.1,0
max Ny,42.473,10.415,40.9,-0.8,0
min My,42.473,10.415,-52.4,-23.7,0.0109576269194582
max My,42.473,10.415,17.9,1.3,0
max Ny,42.127,10.415,37.3,-9.5,0.0149586592956336
min My,42.127,10.415,-0.4,-15.9,0.0129550254916192
max My,42.127,10.415,16.4,2.1,0.00513953747167946
max Ny,42.127,10.585,15.4,0,0
min My,42.127,10.585,-9,-11.2,0.00763645883309824
max My,42.127,10.585,9.6,1.7,0.00330063454318889
max Ny,42.473,10.585,9.4,-1,0
min My,42.473,10.585,-15.8,-10.7,0.00613202413813209
max My,42.473,10.585,2.6,0.7,0.00107160749357407
max Ny,42.473,10.815,2.8,0.1,0
min My,42.473,10.815,-2.8,-0.8,0.000234425933624346
max My,42.473,10.815,1.8,0.7,0.000910396888269344
max Ny,42.127,10.815,11.8,0.8,0
min My,42.127,10.815,-11,-3.7,0.00132431621173686
max My,42.127,10.815,10,1.1,0
